frame_no,timestamp
0,1500580432658
1,1500580432692.04
2,1500580432726.08
3,1500580432760.12
4,1500580432794.1602
5,1500580432828.2002
6,1500580432862.2402
7,1500580432896.2803
8,1500580432930.3203
9,1500580432964.3604
10,1500580432998.4004
11,1500580433032.4404
12,1500580433066.4805
13,1500580433100.5205
14,1500580433134.5605
15,1500580433168.6006
16,1500580433202.6406
17,1500580433236.6807
18,1500580433270.7207
19,1500580433304.7607
20,1500580433338.8008
21,1500580433372.8408
22,1500580433406.8809
23,1500580433440.921
24,1500580433474.961
25,1500580433509.001
26,1500580433543.041
27,1500580433577.081
28,1500580433611.121
29,1500580433645.1611
30,1500580433679.2012
31,1500580433713.2412
32,1500580433747.2812
33,1500580433781.3213
34,1500580433815.3613
35,1500580433849.4014
36,1500580433883.4414
37,1500580433917.4814
38,1500580433951.5215
39,1500580433985.5615
40,1500580434019.6016
41,1500580434053.6416
42,1500580434087.6816
43,1500580434121.7217
44,1500580434155.7617
45,1500580434189.8018
46,1500580434223.8418
47,1500580434257.8818
48,1500580434291.9219
49,1500580434325.962
50,1500580434360.002
51,1500580434394.042
52,1500580434428.082
53,1500580434462.122
54,1500580434496.162
55,1500580434530.2021
56,1500580434564.2422
57,1500580434598.2822
58,1500580434632.3223
59,1500580434666.3623
60,1500580434700.4023
61,1500580434734.4424
62,1500580434768.4824
63,1500580434802.5225
64,1500580434836.5625
65,1500580434870.6025
66,1500580434904.6426
67,1500580434938.6826
68,1500580434972.7227
69,1500580435006.7627
70,1500580435040.8027
71,1500580435074.8428
72,1500580435108.8828
73,1500580435142.9229
74,1500580435176.963
75,1500580435211.003
76,1500580435245.043
77,1500580435279.083
78,1500580435313.123
79,1500580435347.163
80,1500580435381.2031
81,1500580435415.2432
82,1500580435449.2832
83,1500580435483.3232
84,1500580435517.3633
85,1500580435551.4033
86,1500580435585.4434
87,1500580435619.4834
88,1500580435653.5234
89,1500580435687.5635
90,1500580435721.6035
91,1500580435755.6436
92,1500580435789.6836
93,1500580435823.7236
94,1500580435857.7637
95,1500580435891.8037
96,1500580435925.8438
97,1500580435959.8838
98,1500580435993.9238
99,1500580436027.9639
100,1500580436062.004
101,1500580436096.044
102,1500580436130.084
103,1500580436164.124
104,1500580436198.164
105,1500580436232.204
106,1500580436266.2441
107,1500580436300.2842
108,1500580436334.3242
109,1500580436368.3643
110,1500580436402.4043
111,1500580436436.4443
112,1500580436470.4844
113,1500580436504.5244
114,1500580436538.5645
115,1500580436572.6045
116,1500580436606.6445
117,1500580436640.6846
118,1500580436674.7246
119,1500580436708.7646
120,1500580436742.8047
121,1500580436776.8447
122,1500580436810.8848
123,1500580436844.9248
124,1500580436878.9648
125,1500580436913.005
126,1500580436947.045
127,1500580436981.085
128,1500580437015.125
129,1500580437049.165
130,1500580437083.205
131,1500580437117.245
132,1500580437151.2852
133,1500580437185.3252
134,1500580437219.3652
135,1500580437253.4053
136,1500580437287.4453
137,1500580437321.4854
138,1500580437355.5254
139,1500580437389.5654
140,1500580437423.6055
141,1500580437457.6455
142,1500580437491.6855
143,1500580437525.7256
144,1500580437559.7656
145,1500580437593.8057
146,1500580437627.8457
147,1500580437661.8857
148,1500580437695.9258
149,1500580437729.9658
150,1500580437764.0059
151,1500580437798.046
152,1500580437832.086
153,1500580437866.126
154,1500580437900.166
155,1500580437934.206
156,1500580437968.246
157,1500580438002.2861
158,1500580438036.3262
159,1500580438070.3662
160,1500580438104.4062
161,1500580438138.4463
162,1500580438172.4863
163,1500580438206.5264
164,1500580438240.5664
165,1500580438274.6064
166,1500580438308.6465
167,1500580438342.6865
168,1500580438376.7266
169,1500580438410.7666
170,1500580438444.8066
171,1500580438478.8467
172,1500580438512.8867
173,1500580438546.9268
174,1500580438580.9668
175,1500580438615.0068
176,1500580438649.0469
177,1500580438683.087
178,1500580438717.127
179,1500580438751.167
180,1500580438785.207
181,1500580438819.247
182,1500580438853.287
183,1500580438887.3271
184,1500580438921.3672
185,1500580438955.4072
186,1500580438989.4473
187,1500580439023.4873
188,1500580439057.5273
189,1500580439091.5674
190,1500580439125.6074
191,1500580439159.6475
192,1500580439193.6875
193,1500580439227.7275
194,1500580439261.7676
195,1500580439295.8076
196,1500580439329.8477
197,1500580439363.8877
198,1500580439397.9277
199,1500580439431.9678
200,1500580439466.0078
201,1500580439500.0479
202,1500580439534.088
203,1500580439568.128
204,1500580439602.168
205,1500580439636.208
206,1500580439670.248
207,1500580439704.288
208,1500580439738.3281
209,1500580439772.3682
210,1500580439806.4082
211,1500580439840.4482
212,1500580439874.4883
213,1500580439908.5283
214,1500580439942.5684
215,1500580439976.6084
216,1500580440010.6484
217,1500580440044.6885
218,1500580440078.7285
219,1500580440112.7686
220,1500580440146.8086
221,1500580440180.8486
222,1500580440214.8887
223,1500580440248.9287
224,1500580440282.9688
225,1500580440317.0088
226,1500580440351.0488
227,1500580440385.0889
228,1500580440419.129
229,1500580440453.169
230,1500580440487.209
231,1500580440521.249
232,1500580440555.289
233,1500580440589.329
234,1500580440623.3691
235,1500580440657.4092
236,1500580440691.4492
237,1500580440725.4893
238,1500580440759.5293
239,1500580440793.5693
240,1500580440827.6094
241,1500580440861.6494
242,1500580440895.6895
243,1500580440929.7295
244,1500580440963.7695
245,1500580440997.8096
246,1500580441031.8496
247,1500580441065.8896
248,1500580441099.9297
249,1500580441133.9697
250,1500580441168.0098
251,1500580441202.0498
252,1500580441236.0898
253,1500580441270.13
254,1500580441304.17
255,1500580441338.21
256,1500580441372.25
257,1500580441406.29
258,1500580441440.33
259,1500580441474.37
260,1500580441508.4102
261,1500580441542.4502
262,1500580441576.4902
263,1500580441610.5303
264,1500580441644.5703
265,1500580441678.6104
266,1500580441712.6504
267,1500580441746.6904
268,1500580441780.7305
269,1500580441814.7705
270,1500580441848.8105
271,1500580441882.8506
272,1500580441916.8906
273,1500580441950.9307
274,1500580441984.9707
275,1500580442019.0107
276,1500580442053.0508
277,1500580442087.0908
278,1500580442121.1309
279,1500580442155.171
280,1500580442189.211
281,1500580442223.251
282,1500580442257.291
283,1500580442291.331
284,1500580442325.371
285,1500580442359.4111
286,1500580442393.4512
287,1500580442427.4912
288,1500580442461.5312
289,1500580442495.5713
290,1500580442529.6113
291,1500580442563.6514
292,1500580442597.6914
293,1500580442631.7314
294,1500580442665.7715
295,1500580442699.8115
296,1500580442733.8516
297,1500580442767.8916
298,1500580442801.9316
299,1500580442835.9717
300,1500580442870.0117
301,1500580442904.0518
302,1500580442938.0918
303,1500580442972.1318
304,1500580443006.1719
305,1500580443040.212
306,1500580443074.252
307,1500580443108.292
308,1500580443142.332
309,1500580443176.372
310,1500580443210.412
311,1500580443244.4521
312,1500580443278.4922
313,1500580443312.5322
314,1500580443346.5723
315,1500580443380.6123
316,1500580443414.6523
317,1500580443448.6924
318,1500580443482.7324
319,1500580443516.7725
320,1500580443550.8125
321,1500580443584.8525
322,1500580443618.8926
323,1500580443652.9326
324,1500580443686.9727
325,1500580443721.0127
326,1500580443755.0527
327,1500580443789.0928
328,1500580443823.1328
329,1500580443857.1729
330,1500580443891.213
331,1500580443925.253
332,1500580443959.293
333,1500580443993.333
334,1500580444027.373
335,1500580444061.413
336,1500580444095.4531
337,1500580444129.4932
338,1500580444163.5332
339,1500580444197.5732
340,1500580444231.6133
341,1500580444265.6533
342,1500580444299.6934
343,1500580444333.7334
344,1500580444367.7734
345,1500580444401.8135
346,1500580444435.8535
347,1500580444469.8936
348,1500580444503.9336
349,1500580444537.9736
350,1500580444572.0137
351,1500580444606.0537
352,1500580444640.0938
353,1500580444674.1338
354,1500580444708.1738
355,1500580444742.2139
356,1500580444776.254
357,1500580444810.294
358,1500580444844.334
359,1500580444878.374
360,1500580444912.414
361,1500580444946.454
362,1500580444980.4941
363,1500580445014.5342
364,1500580445048.5742
365,1500580445082.6143
366,1500580445116.6543
367,1500580445150.6943
368,1500580445184.7344
369,1500580445218.7744
370,1500580445252.8145
371,1500580445286.8545
372,1500580445320.8945
373,1500580445354.9346
374,1500580445388.9746
375,1500580445423.0146
376,1500580445457.0547
377,1500580445491.0947
378,1500580445525.1348
379,1500580445559.1748
380,1500580445593.2148
381,1500580445627.255
382,1500580445661.295
383,1500580445695.335
384,1500580445729.375
385,1500580445763.415
386,1500580445797.455
387,1500580445831.495
388,1500580445865.5352
389,1500580445899.5752
390,1500580445933.6152
391,1500580445967.6553
392,1500580446001.6953
393,1500580446035.7354
394,1500580446069.7754
395,1500580446103.8154
396,1500580446137.8555
397,1500580446171.8955
398,1500580446205.9355
399,1500580446239.9756
400,1500580446274.0156
401,1500580446308.0557
402,1500580446342.0957
403,1500580446376.1357
404,1500580446410.1758
405,1500580446444.2158
406,1500580446478.2559
407,1500580446512.296
408,1500580446546.336
409,1500580446580.376
410,1500580446614.416
411,1500580446648.456
412,1500580446682.496
413,1500580446716.5361
414,1500580446750.5762
415,1500580446784.6162
416,1500580446818.6562
417,1500580446852.6963
418,1500580446886.7363
419,1500580446920.7764
420,1500580446954.8164
421,1500580446988.8564
422,1500580447022.8965
423,1500580447056.9365
424,1500580447090.9766
425,1500580447125.0166
426,1500580447159.0566
427,1500580447193.0967
428,1500580447227.1367
429,1500580447261.1768
430,1500580447295.2168
431,1500580447329.2568
432,1500580447363.2969
433,1500580447397.337
434,1500580447431.377
435,1500580447465.417
436,1500580447499.457
437,1500580447533.497
438,1500580447567.537
439,1500580447601.5771
440,1500580447635.6172
441,1500580447669.6572
442,1500580447703.6973
443,1500580447737.7373
444,1500580447771.7773
445,1500580447805.8174
446,1500580447839.8574
447,1500580447873.8975
448,1500580447907.9375
449,1500580447941.9775
450,1500580447976.0176
451,1500580448010.0576
452,1500580448044.0977
453,1500580448078.1377
454,1500580448112.1777
455,1500580448146.2178
456,1500580448180.2578
457,1500580448214.2979
458,1500580448248.338
459,1500580448282.378
460,1500580448316.418
461,1500580448350.458
462,1500580448384.498
463,1500580448418.538
464,1500580448452.5781
465,1500580448486.6182
466,1500580448520.6582
467,1500580448554.6982
468,1500580448588.7383
469,1500580448622.7783
470,1500580448656.8184
471,1500580448690.8584
472,1500580448724.8984
473,1500580448758.9385
474,1500580448792.9785
475,1500580448827.0186
476,1500580448861.0586
477,1500580448895.0986
478,1500580448929.1387
479,1500580448963.1787
480,1500580448997.2188
481,1500580449031.2588
482,1500580449065.2988
483,1500580449099.3389
484,1500580449133.379
485,1500580449167.419
486,1500580449201.459
487,1500580449235.499
488,1500580449269.539
489,1500580449303.579
490,1500580449337.6191
491,1500580449371.6592
492,1500580449405.6992
493,1500580449439.7393
494,1500580449473.7793
495,1500580449507.8193
496,1500580449541.8594
497,1500580449575.8994
498,1500580449609.9395
499,1500580449643.9795
500,1500580449678.0195
501,1500580449712.0596
502,1500580449746.0996
503,1500580449780.1396
504,1500580449814.1797
505,1500580449848.2197
506,1500580449882.2598
507,1500580449916.2998
508,1500580449950.3398
509,1500580449984.38
510,1500580450018.42
511,1500580450052.46
512,1500580450086.5
513,1500580450120.54
514,1500580450154.58
515,1500580450188.62
516,1500580450222.6602
517,1500580450256.7002
518,1500580450290.7402
519,1500580450324.7803
520,1500580450358.8203
521,1500580450392.8604
522,1500580450426.9004
523,1500580450460.9404
524,1500580450494.9805
525,1500580450529.0205
526,1500580450563.0605
527,1500580450597.1006
528,1500580450631.1406
529,1500580450665.1807
530,1500580450699.2207
531,1500580450733.2607
532,1500580450767.3008
533,1500580450801.3408
534,1500580450835.3809
535,1500580450869.421
536,1500580450903.461
537,1500580450937.501
538,1500580450971.541
539,1500580451005.581
540,1500580451039.621
541,1500580451073.6611
542,1500580451107.7012
543,1500580451141.7412
544,1500580451175.7812
545,1500580451209.8213
546,1500580451243.8613
547,1500580451277.9014
548,1500580451311.9414
549,1500580451345.9814
550,1500580451380.0215
551,1500580451414.0615
552,1500580451448.1016
553,1500580451482.1416
554,1500580451516.1816
555,1500580451550.2217
556,1500580451584.2617
557,1500580451618.3018
558,1500580451652.3418
559,1500580451686.3818
560,1500580451720.4219
561,1500580451754.462
562,1500580451788.502
563,1500580451822.542
564,1500580451856.582
565,1500580451890.622
566,1500580451924.662
567,1500580451958.7021
568,1500580451992.7422
569,1500580452026.7822
570,1500580452060.8223
571,1500580452094.8623
572,1500580452128.9023
573,1500580452162.9424
574,1500580452196.9824
575,1500580452231.0225
576,1500580452265.0625
577,1500580452299.1025
578,1500580452333.1426
579,1500580452367.1826
580,1500580452401.2227
581,1500580452435.2627
582,1500580452469.3027
583,1500580452503.3428
584,1500580452537.3828
585,1500580452571.4229
586,1500580452605.463
587,1500580452639.503
588,1500580452673.543
589,1500580452707.583
590,1500580452741.623
591,1500580452775.663
592,1500580452809.7031
593,1500580452843.7432
594,1500580452877.7832
595,1500580452911.8232
596,1500580452945.8633
597,1500580452979.9033
598,1500580453013.9434
599,1500580453047.9834
600,1500580453082.0234
601,1500580453116.0635
602,1500580453150.1035
603,1500580453184.1436
604,1500580453218.1836
605,1500580453252.2236
606,1500580453286.2637
607,1500580453320.3037
608,1500580453354.3438
609,1500580453388.3838
610,1500580453422.4238
611,1500580453456.4639
612,1500580453490.504
613,1500580453524.544
614,1500580453558.584
615,1500580453592.624
616,1500580453626.664
617,1500580453660.704
618,1500580453694.7441
619,1500580453728.7842
620,1500580453762.8242
621,1500580453796.8643
622,1500580453830.9043
623,1500580453864.9443
624,1500580453898.9844
625,1500580453933.0244
626,1500580453967.0645
627,1500580454001.1045
628,1500580454035.1445
629,1500580454069.1846
630,1500580454103.2246
631,1500580454137.2646
632,1500580454171.3047
633,1500580454205.3447
634,1500580454239.3848
635,1500580454273.4248
636,1500580454307.4648
637,1500580454341.505
638,1500580454375.545
639,1500580454409.585
640,1500580454443.625
641,1500580454477.665
642,1500580454511.705
643,1500580454545.745
644,1500580454579.7852
645,1500580454613.8252
646,1500580454647.8652
647,1500580454681.9053
648,1500580454715.9453
649,1500580454749.9854
650,1500580454784.0254
651,1500580454818.0654
652,1500580454852.1055
653,1500580454886.1455
654,1500580454920.1855
655,1500580454954.2256
656,1500580454988.2656
657,1500580455022.3057
658,1500580455056.3457
659,1500580455090.3857
660,1500580455124.4258
661,1500580455158.4658
662,1500580455192.5059
663,1500580455226.546
664,1500580455260.586
665,1500580455294.626
666,1500580455328.666
667,1500580455362.706
668,1500580455396.746
669,1500580455430.7861
670,1500580455464.8262
671,1500580455498.8662
672,1500580455532.9062
673,1500580455566.9463
674,1500580455600.9863
675,1500580455635.0264
676,1500580455669.0664
677,1500580455703.1064
678,1500580455737.1465
679,1500580455771.1865
680,1500580455805.2266
681,1500580455839.2666
682,1500580455873.3066
683,1500580455907.3467
684,1500580455941.3867
685,1500580455975.4268
686,1500580456009.4668
687,1500580456043.5068
688,1500580456077.5469
689,1500580456111.587
690,1500580456145.627
691,1500580456179.667
692,1500580456213.707
693,1500580456247.747
694,1500580456281.787
695,1500580456315.8271
696,1500580456349.8672
697,1500580456383.9072
698,1500580456417.9473
699,1500580456451.9873
700,1500580456486.0273
701,1500580456520.0674
702,1500580456554.1074
703,1500580456588.1475
704,1500580456622.1875
705,1500580456656.2275
706,1500580456690.2676
707,1500580456724.3076
708,1500580456758.3477
709,1500580456792.3877
710,1500580456826.4277
711,1500580456860.4678
712,1500580456894.5078
713,1500580456928.5479
714,1500580456962.588
715,1500580456996.628
716,1500580457030.668
717,1500580457064.708
718,1500580457098.748
719,1500580457132.788
720,1500580457166.8281
721,1500580457200.8682
722,1500580457234.9082
723,1500580457268.9482
724,1500580457302.9883
725,1500580457337.0283
726,1500580457371.0684
727,1500580457405.1084
728,1500580457439.1484
729,1500580457473.1885
730,1500580457507.2285
731,1500580457541.2686
732,1500580457575.3086
733,1500580457609.3486
734,1500580457643.3887
735,1500580457677.4287
736,1500580457711.4688
737,1500580457745.5088
738,1500580457779.5488
739,1500580457813.5889
740,1500580457847.629
741,1500580457881.669
742,1500580457915.709
743,1500580457949.749
744,1500580457983.789
745,1500580458017.829
746,1500580458051.8691
747,1500580458085.9092
748,1500580458119.9492
749,1500580458153.9893
750,1500580458188.0293
751,1500580458222.0693
752,1500580458256.1094
753,1500580458290.1494
754,1500580458324.1895
755,1500580458358.2295
756,1500580458392.2695
757,1500580458426.3096
758,1500580458460.3496
759,1500580458494.3896
760,1500580458528.4297
761,1500580458562.4697
762,1500580458596.5098
763,1500580458630.5498
764,1500580458664.5898
765,1500580458698.63
766,1500580458732.67
767,1500580458766.71
768,1500580458800.75
769,1500580458834.79
770,1500580458868.83
771,1500580458902.87
772,1500580458936.9102
773,1500580458970.9502
774,1500580459004.9902
775,1500580459039.0303
776,1500580459073.0703
777,1500580459107.1104
778,1500580459141.1504
779,1500580459175.1904
780,1500580459209.2305
781,1500580459243.2705
782,1500580459277.3105
783,1500580459311.3506
784,1500580459345.3906
785,1500580459379.4307
786,1500580459413.4707
787,1500580459447.5107
788,1500580459481.5508
789,1500580459515.5908
790,1500580459549.6309
791,1500580459583.671
792,1500580459617.711
793,1500580459651.751
794,1500580459685.791
795,1500580459719.831
796,1500580459753.871
797,1500580459787.9111
798,1500580459821.9512
799,1500580459855.9912
800,1500580459890.0312
801,1500580459924.0713
802,1500580459958.1113
803,1500580459992.1514
804,1500580460026.1914
805,1500580460060.2314
806,1500580460094.2715
807,1500580460128.3115
808,1500580460162.3516
809,1500580460196.3916
810,1500580460230.4316
811,1500580460264.4717
812,1500580460298.5117
813,1500580460332.5518
814,1500580460366.5918
815,1500580460400.6318
816,1500580460434.6719
817,1500580460468.712
818,1500580460502.752
819,1500580460536.792
820,1500580460570.832
821,1500580460604.872
822,1500580460638.912
823,1500580460672.9521
824,1500580460706.9922
825,1500580460741.0322
826,1500580460775.0723
827,1500580460809.1123
828,1500580460843.1523
829,1500580460877.1924
830,1500580460911.2324
831,1500580460945.2725
832,1500580460979.3125
833,1500580461013.3525
834,1500580461047.3926
835,1500580461081.4326
836,1500580461115.4727
837,1500580461149.5127
838,1500580461183.5527
839,1500580461217.5928
840,1500580461251.6328
841,1500580461285.6729
842,1500580461319.713
843,1500580461353.753
844,1500580461387.793
845,1500580461421.833
846,1500580461455.873
847,1500580461489.913
848,1500580461523.9531
849,1500580461557.9932
850,1500580461592.0332
851,1500580461626.0732
852,1500580461660.1133
853,1500580461694.1533
854,1500580461728.1934
855,1500580461762.2334
856,1500580461796.2734
857,1500580461830.3135
858,1500580461864.3535
859,1500580461898.3936
860,1500580461932.4336
861,1500580461966.4736
862,1500580462000.5137
863,1500580462034.5537
864,1500580462068.5938
865,1500580462102.6338
866,1500580462136.6738
867,1500580462170.7139
868,1500580462204.754
869,1500580462238.794
870,1500580462272.834
871,1500580462306.874
872,1500580462340.914
873,1500580462374.954
874,1500580462408.9941
875,1500580462443.0342
876,1500580462477.0742
877,1500580462511.1143
878,1500580462545.1543
879,1500580462579.1943
880,1500580462613.2344
881,1500580462647.2744
882,1500580462681.3145
883,1500580462715.3545
884,1500580462749.3945
885,1500580462783.4346
886,1500580462817.4746
887,1500580462851.5146
888,1500580462885.5547
889,1500580462919.5947
890,1500580462953.6348
891,1500580462987.6748
892,1500580463021.7148
893,1500580463055.755
894,1500580463089.795
895,1500580463123.835
896,1500580463157.875
897,1500580463191.915
898,1500580463225.955
899,1500580463259.995
900,1500580463294.0352
901,1500580463328.0752
902,1500580463362.1152
903,1500580463396.1553
904,1500580463430.1953
905,1500580463464.2354
906,1500580463498.2754
907,1500580463532.3154
908,1500580463566.3555
909,1500580463600.3955
910,1500580463634.4355
911,1500580463668.4756
912,1500580463702.5156
913,1500580463736.5557
914,1500580463770.5957
915,1500580463804.6357
916,1500580463838.6758
917,1500580463872.7158
918,1500580463906.7559
919,1500580463940.796
920,1500580463974.836
921,1500580464008.876
922,1500580464042.916
923,1500580464076.956
924,1500580464110.996
925,1500580464145.0361
926,1500580464179.0762
927,1500580464213.1162
928,1500580464247.1562
929,1500580464281.1963
930,1500580464315.2363
931,1500580464349.2764
932,1500580464383.3164
933,1500580464417.3564
934,1500580464451.3965
935,1500580464485.4365
936,1500580464519.4766
937,1500580464553.5166
938,1500580464587.5566
939,1500580464621.5967
940,1500580464655.6367
941,1500580464689.6768
942,1500580464723.7168
943,1500580464757.7568
944,1500580464791.7969
945,1500580464825.837
946,1500580464859.877
947,1500580464893.917
948,1500580464927.957
949,1500580464961.997
950,1500580464996.037
951,1500580465030.0771
952,1500580465064.1172
953,1500580465098.1572
954,1500580465132.1973
955,1500580465166.2373
956,1500580465200.2773
957,1500580465234.3174
958,1500580465268.3574
959,1500580465302.3975
960,1500580465336.4375
961,1500580465370.4775
962,1500580465404.5176
963,1500580465438.5576
964,1500580465472.5977
965,1500580465506.6377
966,1500580465540.6777
967,1500580465574.7178
968,1500580465608.7578
969,1500580465642.7979
970,1500580465676.838
971,1500580465710.878
972,1500580465744.918
973,1500580465778.958
974,1500580465812.998
975,1500580465847.038
976,1500580465881.0781
977,1500580465915.1182
978,1500580465949.1582
979,1500580465983.1982
980,1500580466017.2383
981,1500580466051.2783
982,1500580466085.3184
983,1500580466119.3584
984,1500580466153.3984
985,1500580466187.4385
986,1500580466221.4785
987,1500580466255.5186
988,1500580466289.5586
989,1500580466323.5986
990,1500580466357.6387
991,1500580466391.6787
992,1500580466425.7188
993,1500580466459.7588
994,1500580466493.7988
995,1500580466527.8389
996,1500580466561.879
997,1500580466595.919
998,1500580466629.959
999,1500580466663.999
1000,1500580466698.039
1001,1500580466732.079
1002,1500580466766.1191
1003,1500580466800.1592
1004,1500580466834.1992
1005,1500580466868.2393
1006,1500580466902.2793
1007,1500580466936.3193
1008,1500580466970.3594
1009,1500580467004.3994
1010,1500580467038.4395
1011,1500580467072.4795
1012,1500580467106.5195
1013,1500580467140.5596
1014,1500580467174.5996
1015,1500580467208.6396
1016,1500580467242.6797
1017,1500580467276.7197
1018,1500580467310.7598
1019,1500580467344.7998
1020,1500580467378.8398
1021,1500580467412.88
1022,1500580467446.92
1023,1500580467480.96
1024,1500580467515.0
1025,1500580467549.04
1026,1500580467583.08
1027,1500580467617.12
1028,1500580467651.1602
1029,1500580467685.2002
1030,1500580467719.2402
1031,1500580467753.2803
1032,1500580467787.3203
1033,1500580467821.3604
1034,1500580467855.4004
1035,1500580467889.4404
1036,1500580467923.4805
1037,1500580467957.5205
1038,1500580467991.5605
1039,1500580468025.6006
1040,1500580468059.6406
1041,1500580468093.6807
1042,1500580468127.7207
1043,1500580468161.7607
1044,1500580468195.8008
1045,1500580468229.8408
1046,1500580468263.8809
1047,1500580468297.921
1048,1500580468331.961
1049,1500580468366.001
1050,1500580468400.041
1051,1500580468434.081
1052,1500580468468.121
1053,1500580468502.1611
1054,1500580468536.2012
1055,1500580468570.2412
1056,1500580468604.2812
1057,1500580468638.3213
1058,1500580468672.3613
1059,1500580468706.4014
1060,1500580468740.4414
1061,1500580468774.4814
1062,1500580468808.5215
1063,1500580468842.5615
1064,1500580468876.6016
1065,1500580468910.6416
1066,1500580468944.6816
1067,1500580468978.7217
1068,1500580469012.7617
1069,1500580469046.8018
1070,1500580469080.8418
1071,1500580469114.8818
1072,1500580469148.9219
1073,1500580469182.962
1074,1500580469217.002
1075,1500580469251.042
1076,1500580469285.082
1077,1500580469319.122
1078,1500580469353.162
1079,1500580469387.2021
1080,1500580469421.2422
1081,1500580469455.2822
1082,1500580469489.3223
1083,1500580469523.3623
1084,1500580469557.4023
1085,1500580469591.4424
1086,1500580469625.4824
1087,1500580469659.5225
1088,1500580469693.5625
1089,1500580469727.6025
1090,1500580469761.6426
1091,1500580469795.6826
1092,1500580469829.7227
1093,1500580469863.7627
1094,1500580469897.8027
1095,1500580469931.8428
1096,1500580469965.8828
1097,1500580469999.9229
1098,1500580470033.963
1099,1500580470068.003
1100,1500580470102.043
1101,1500580470136.083
1102,1500580470170.123
1103,1500580470204.163
1104,1500580470238.2031
1105,1500580470272.2432
1106,1500580470306.2832
1107,1500580470340.3232
1108,1500580470374.3633
1109,1500580470408.4033
1110,1500580470442.4434
1111,1500580470476.4834
1112,1500580470510.5234
1113,1500580470544.5635
1114,1500580470578.6035
1115,1500580470612.6436
1116,1500580470646.6836
1117,1500580470680.7236
1118,1500580470714.7637
1119,1500580470748.8037
1120,1500580470782.8438
1121,1500580470816.8838
1122,1500580470850.9238
1123,1500580470884.9639
1124,1500580470919.004
1125,1500580470953.044
1126,1500580470987.084
1127,1500580471021.124
1128,1500580471055.164
1129,1500580471089.204
1130,1500580471123.2441
1131,1500580471157.2842
1132,1500580471191.3242
1133,1500580471225.3643
1134,1500580471259.4043
1135,1500580471293.4443
1136,1500580471327.4844
1137,1500580471361.5244
1138,1500580471395.5645
1139,1500580471429.6045
1140,1500580471463.6445
1141,1500580471497.6846
1142,1500580471531.7246
1143,1500580471565.7646
1144,1500580471599.8047
1145,1500580471633.8447
1146,1500580471667.8848
1147,1500580471701.9248
1148,1500580471735.9648
1149,1500580471770.005
1150,1500580471804.045
1151,1500580471838.085
1152,1500580471872.125
1153,1500580471906.165
1154,1500580471940.205
1155,1500580471974.245
1156,1500580472008.2852
1157,1500580472042.3252
1158,1500580472076.3652
1159,1500580472110.4053
1160,1500580472144.4453
1161,1500580472178.4854
1162,1500580472212.5254
1163,1500580472246.5654
1164,1500580472280.6055
1165,1500580472314.6455
1166,1500580472348.6855
1167,1500580472382.7256
1168,1500580472416.7656
1169,1500580472450.8057
1170,1500580472484.8457
1171,1500580472518.8857
1172,1500580472552.9258
1173,1500580472586.9658
1174,1500580472621.0059
1175,1500580472655.046
1176,1500580472689.086
1177,1500580472723.126
1178,1500580472757.166
1179,1500580472791.206
1180,1500580472825.246
1181,1500580472859.2861
1182,1500580472893.3262
1183,1500580472927.3662
1184,1500580472961.4062
1185,1500580472995.4463
1186,1500580473029.4863
1187,1500580473063.5264
1188,1500580473097.5664
1189,1500580473131.6064
1190,1500580473165.6465
1191,1500580473199.6865
1192,1500580473233.7266
1193,1500580473267.7666
1194,1500580473301.8066
1195,1500580473335.8467
1196,1500580473369.8867
1197,1500580473403.9268
1198,1500580473437.9668
1199,1500580473472.0068
1200,1500580473506.0469
1201,1500580473540.087
1202,1500580473574.127
1203,1500580473608.167
1204,1500580473642.207
1205,1500580473676.247
1206,1500580473710.287
1207,1500580473744.3271
1208,1500580473778.3672
1209,1500580473812.4072
1210,1500580473846.4473
1211,1500580473880.4873
1212,1500580473914.5273
1213,1500580473948.5674
1214,1500580473982.6074
1215,1500580474016.6475
1216,1500580474050.6875
1217,1500580474084.7275
1218,1500580474118.7676
1219,1500580474152.8076
1220,1500580474186.8477
1221,1500580474220.8877
1222,1500580474254.9277
1223,1500580474288.9678
1224,1500580474323.0078
1225,1500580474357.0479
1226,1500580474391.088
1227,1500580474425.128
1228,1500580474459.168
1229,1500580474493.208
1230,1500580474527.248
1231,1500580474561.288
1232,1500580474595.3281
1233,1500580474629.3682
1234,1500580474663.4082
1235,1500580474697.4482
1236,1500580474731.4883
1237,1500580474765.5283
1238,1500580474799.5684
1239,1500580474833.6084
1240,1500580474867.6484
1241,1500580474901.6885
1242,1500580474935.7285
1243,1500580474969.7686
1244,1500580475003.8086
1245,1500580475037.8486
1246,1500580475071.8887
1247,1500580475105.9287
1248,1500580475139.9688
1249,1500580475174.0088
1250,1500580475208.0488
1251,1500580475242.0889
1252,1500580475276.129
1253,1500580475310.169
1254,1500580475344.209
1255,1500580475378.249
1256,1500580475412.289
1257,1500580475446.329
1258,1500580475480.3691
1259,1500580475514.4092
1260,1500580475548.4492
1261,1500580475582.4893
1262,1500580475616.5293
1263,1500580475650.5693
1264,1500580475684.6094
1265,1500580475718.6494
1266,1500580475752.6895
1267,1500580475786.7295
1268,1500580475820.7695
1269,1500580475854.8096
1270,1500580475888.8496
1271,1500580475922.8896
1272,1500580475956.9297
1273,1500580475990.9697
1274,1500580476025.0098
1275,1500580476059.0498
1276,1500580476093.0898
1277,1500580476127.13
1278,1500580476161.17
1279,1500580476195.21
1280,1500580476229.25
1281,1500580476263.29
1282,1500580476297.33
1283,1500580476331.37
1284,1500580476365.4102
1285,1500580476399.4502
1286,1500580476433.4902
1287,1500580476467.5303
1288,1500580476501.5703
1289,1500580476535.6104
1290,1500580476569.6504
1291,1500580476603.6904
1292,1500580476637.7305
1293,1500580476671.7705
1294,1500580476705.8105
1295,1500580476739.8506
1296,1500580476773.8906
1297,1500580476807.9307
1298,1500580476841.9707
1299,1500580476876.0107
1300,1500580476910.0508
1301,1500580476944.0908
1302,1500580476978.1309
1303,1500580477012.171
1304,1500580477046.211
1305,1500580477080.251
1306,1500580477114.291
1307,1500580477148.331
1308,1500580477182.371
1309,1500580477216.4111
1310,1500580477250.4512
1311,1500580477284.4912
1312,1500580477318.5312
1313,1500580477352.5713
1314,1500580477386.6113
1315,1500580477420.6514
1316,1500580477454.6914
1317,1500580477488.7314
1318,1500580477522.7715
1319,1500580477556.8115
1320,1500580477590.8516
1321,1500580477624.8916
1322,1500580477658.9316
1323,1500580477692.9717
1324,1500580477727.0117
1325,1500580477761.0518
1326,1500580477795.0918
1327,1500580477829.1318
1328,1500580477863.1719
1329,1500580477897.212
1330,1500580477931.252
1331,1500580477965.292
1332,1500580477999.332
1333,1500580478033.372
1334,1500580478067.412
1335,1500580478101.4521
1336,1500580478135.4922
1337,1500580478169.5322
1338,1500580478203.5723
1339,1500580478237.6123
1340,1500580478271.6523
1341,1500580478305.6924
1342,1500580478339.7324
1343,1500580478373.7725
1344,1500580478407.8125
1345,1500580478441.8525
1346,1500580478475.8926
1347,1500580478509.9326
1348,1500580478543.9727
1349,1500580478578.0127
1350,1500580478612.0527
1351,1500580478646.0928
1352,1500580478680.1328
1353,1500580478714.1729
1354,1500580478748.213
1355,1500580478782.253
1356,1500580478816.293
1357,1500580478850.333
1358,1500580478884.373
1359,1500580478918.413
1360,1500580478952.4531
1361,1500580478986.4932
1362,1500580479020.5332
1363,1500580479054.5732
1364,1500580479088.6133
1365,1500580479122.6533
1366,1500580479156.6934
1367,1500580479190.7334
1368,1500580479224.7734
1369,1500580479258.8135
1370,1500580479292.8535
1371,1500580479326.8936
1372,1500580479360.9336
1373,1500580479394.9736
1374,1500580479429.0137
1375,1500580479463.0537
1376,1500580479497.0938
1377,1500580479531.1338
1378,1500580479565.1738
1379,1500580479599.2139
1380,1500580479633.254
1381,1500580479667.294
1382,1500580479701.334
1383,1500580479735.374
1384,1500580479769.414
1385,1500580479803.454
1386,1500580479837.4941
1387,1500580479871.5342
1388,1500580479905.5742
1389,1500580479939.6143
1390,1500580479973.6543
1391,1500580480007.6943
1392,1500580480041.7344
1393,1500580480075.7744
1394,1500580480109.8145
1395,1500580480143.8545
1396,1500580480177.8945
1397,1500580480211.9346
1398,1500580480245.9746
1399,1500580480280.0146
1400,1500580480314.0547
1401,1500580480348.0947
1402,1500580480382.1348
1403,1500580480416.1748
1404,1500580480450.2148
1405,1500580480484.255
1406,1500580480518.295
1407,1500580480552.335
1408,1500580480586.375
1409,1500580480620.415
1410,1500580480654.455
1411,1500580480688.495
1412,1500580480722.5352
1413,1500580480756.5752
1414,1500580480790.6152
1415,1500580480824.6553
1416,1500580480858.6953
1417,1500580480892.7354
1418,1500580480926.7754
1419,1500580480960.8154
1420,1500580480994.8555
1421,1500580481028.8955
1422,1500580481062.9355
1423,1500580481096.9756
1424,1500580481131.0156
1425,1500580481165.0557
1426,1500580481199.0957
1427,1500580481233.1357
1428,1500580481267.1758
1429,1500580481301.2158
1430,1500580481335.2559
1431,1500580481369.296
1432,1500580481403.336
1433,1500580481437.376
1434,1500580481471.416
1435,1500580481505.456
1436,1500580481539.496
1437,1500580481573.5361
1438,1500580481607.5762
1439,1500580481641.6162
1440,1500580481675.6562
1441,1500580481709.6963
1442,1500580481743.7363
1443,1500580481777.7764
1444,1500580481811.8164
1445,1500580481845.8564
1446,1500580481879.8965
1447,1500580481913.9365
1448,1500580481947.9766
1449,1500580481982.0166
1450,1500580482016.0566
1451,1500580482050.0967
1452,1500580482084.1367
1453,1500580482118.1768
1454,1500580482152.2168
1455,1500580482186.2568
1456,1500580482220.2969
1457,1500580482254.337
1458,1500580482288.377
1459,1500580482322.417
1460,1500580482356.457
1461,1500580482390.497
1462,1500580482424.537
1463,1500580482458.5771
1464,1500580482492.6172
1465,1500580482526.6572
1466,1500580482560.6973
1467,1500580482594.7373
1468,1500580482628.7773
1469,1500580482662.8174
1470,1500580482696.8574
1471,1500580482730.8975
1472,1500580482764.9375
1473,1500580482798.9775
1474,1500580482833.0176
1475,1500580482867.0576
1476,1500580482901.0977
1477,1500580482935.1377
1478,1500580482969.1777
1479,1500580483003.2178
1480,1500580483037.2578
1481,1500580483071.2979
1482,1500580483105.338
1483,1500580483139.378
1484,1500580483173.418
1485,1500580483207.458
1486,1500580483241.498
1487,1500580483275.538
1488,1500580483309.5781
1489,1500580483343.6182
1490,1500580483377.6582
1491,1500580483411.6982
1492,1500580483445.7383
1493,1500580483479.7783
1494,1500580483513.8184
1495,1500580483547.8584
1496,1500580483581.8984
1497,1500580483615.9385
1498,1500580483649.9785
1499,1500580483684.0186
1500,1500580483718.0586
1501,1500580483752.0986
1502,1500580483786.1387
1503,1500580483820.1787
1504,1500580483854.2188
1505,1500580483888.2588
1506,1500580483922.2988
1507,1500580483956.3389
1508,1500580483990.379
1509,1500580484024.419
1510,1500580484058.459
1511,1500580484092.499
1512,1500580484126.539
1513,1500580484160.579
1514,1500580484194.6191
1515,1500580484228.6592
1516,1500580484262.6992
1517,1500580484296.7393
1518,1500580484330.7793
1519,1500580484364.8193
1520,1500580484398.8594
1521,1500580484432.8994
1522,1500580484466.9395
1523,1500580484500.9795
1524,1500580484535.0195
1525,1500580484569.0596
1526,1500580484603.0996
1527,1500580484637.1396
1528,1500580484671.1797
1529,1500580484705.2197
1530,1500580484739.2598
1531,1500580484773.2998
1532,1500580484807.3398
1533,1500580484841.38
1534,1500580484875.42
1535,1500580484909.46
1536,1500580484943.5
1537,1500580484977.54
1538,1500580485011.58
1539,1500580485045.62
1540,1500580485079.6602
1541,1500580485113.7002
1542,1500580485147.7402
1543,1500580485181.7803
1544,1500580485215.8203
1545,1500580485249.8604
1546,1500580485283.9004
1547,1500580485317.9404
1548,1500580485351.9805
1549,1500580485386.0205
1550,1500580485420.0605
1551,1500580485454.1006
1552,1500580485488.1406
1553,1500580485522.1807
1554,1500580485556.2207
1555,1500580485590.2607
1556,1500580485624.3008
1557,1500580485658.3408
1558,1500580485692.3809
1559,1500580485726.421
1560,1500580485760.461
1561,1500580485794.501
1562,1500580485828.541
1563,1500580485862.581
1564,1500580485896.621
1565,1500580485930.6611
1566,1500580485964.7012
1567,1500580485998.7412
1568,1500580486032.7812
1569,1500580486066.8213
1570,1500580486100.8613
1571,1500580486134.9014
1572,1500580486168.9414
1573,1500580486202.9814
1574,1500580486237.0215
1575,1500580486271.0615
1576,1500580486305.1016
1577,1500580486339.1416
1578,1500580486373.1816
1579,1500580486407.2217
1580,1500580486441.2617
1581,1500580486475.3018
1582,1500580486509.3418
1583,1500580486543.3818
1584,1500580486577.4219
1585,1500580486611.462
1586,1500580486645.502
1587,1500580486679.542
1588,1500580486713.582
1589,1500580486747.622
1590,1500580486781.662
1591,1500580486815.7021
1592,1500580486849.7422
1593,1500580486883.7822
1594,1500580486917.8223
1595,1500580486951.8623
1596,1500580486985.9023
1597,1500580487019.9424
1598,1500580487053.9824
1599,1500580487088.0225
1600,1500580487122.0625
1601,1500580487156.1025
1602,1500580487190.1426
1603,1500580487224.1826
1604,1500580487258.2227
1605,1500580487292.2627
1606,1500580487326.3027
1607,1500580487360.3428
1608,1500580487394.3828
1609,1500580487428.4229
1610,1500580487462.463
1611,1500580487496.503
1612,1500580487530.543
1613,1500580487564.583
1614,1500580487598.623
1615,1500580487632.663
1616,1500580487666.7031
1617,1500580487700.7432
1618,1500580487734.7832
1619,1500580487768.8232
1620,1500580487802.8633
1621,1500580487836.9033
1622,1500580487870.9434
1623,1500580487904.9834
1624,1500580487939.0234
1625,1500580487973.0635
1626,1500580488007.1035
1627,1500580488041.1436
1628,1500580488075.1836
1629,1500580488109.2236
1630,1500580488143.2637
1631,1500580488177.3037
1632,1500580488211.3438
1633,1500580488245.3838
1634,1500580488279.4238
1635,1500580488313.4639
1636,1500580488347.504
1637,1500580488381.544
1638,1500580488415.584
1639,1500580488449.624
1640,1500580488483.664
1641,1500580488517.704
1642,1500580488551.7441
1643,1500580488585.7842
1644,1500580488619.8242
1645,1500580488653.8643
1646,1500580488687.9043
1647,1500580488721.9443
1648,1500580488755.9844
1649,1500580488790.0244
1650,1500580488824.0645
1651,1500580488858.1045
1652,1500580488892.1445
1653,1500580488926.1846
1654,1500580488960.2246
1655,1500580488994.2646
1656,1500580489028.3047
1657,1500580489062.3447
1658,1500580489096.3848
1659,1500580489130.4248
1660,1500580489164.4648
1661,1500580489198.505
1662,1500580489232.545
1663,1500580489266.585
1664,1500580489300.625
1665,1500580489334.665
1666,1500580489368.705
1667,1500580489402.745
1668,1500580489436.7852
1669,1500580489470.8252
1670,1500580489504.8652
1671,1500580489538.9053
1672,1500580489572.9453
1673,1500580489606.9854
1674,1500580489641.0254
1675,1500580489675.0654
1676,1500580489709.1055
1677,1500580489743.1455
1678,1500580489777.1855
1679,1500580489811.2256
1680,1500580489845.2656
1681,1500580489879.3057
1682,1500580489913.3457
1683,1500580489947.3857
1684,1500580489981.4258
1685,1500580490015.4658
1686,1500580490049.5059
1687,1500580490083.546
1688,1500580490117.586
1689,1500580490151.626
1690,1500580490185.666
1691,1500580490219.706
1692,1500580490253.746
1693,1500580490287.7861
1694,1500580490321.8262
1695,1500580490355.8662
1696,1500580490389.9062
1697,1500580490423.9463
1698,1500580490457.9863
1699,1500580490492.0264
1700,1500580490526.0664
1701,1500580490560.1064
1702,1500580490594.1465
1703,1500580490628.1865
1704,1500580490662.2266
1705,1500580490696.2666
1706,1500580490730.3066
1707,1500580490764.3467
1708,1500580490798.3867
1709,1500580490832.4268
1710,1500580490866.4668
1711,1500580490900.5068
1712,1500580490934.5469
1713,1500580490968.587
1714,1500580491002.627
1715,1500580491036.667
1716,1500580491070.707
1717,1500580491104.747
1718,1500580491138.787
1719,1500580491172.8271
1720,1500580491206.8672
1721,1500580491240.9072
1722,1500580491274.9473
1723,1500580491308.9873
1724,1500580491343.0273
1725,1500580491377.0674
1726,1500580491411.1074
1727,1500580491445.1475
1728,1500580491479.1875
1729,1500580491513.2275
1730,1500580491547.2676
1731,1500580491581.3076
1732,1500580491615.3477
1733,1500580491649.3877
1734,1500580491683.4277
1735,1500580491717.4678
1736,1500580491751.5078
1737,1500580491785.5479
1738,1500580491819.588
1739,1500580491853.628
1740,1500580491887.668
1741,1500580491921.708
1742,1500580491955.748
1743,1500580491989.788
1744,1500580492023.8281
1745,1500580492057.8682
1746,1500580492091.9082
1747,1500580492125.9482
1748,1500580492159.9883
1749,1500580492194.0283
1750,1500580492228.0684
1751,1500580492262.1084
1752,1500580492296.1484
1753,1500580492330.1885
1754,1500580492364.2285
1755,1500580492398.2686
1756,1500580492432.3086
1757,1500580492466.3486
1758,1500580492500.3887
1759,1500580492534.4287
1760,1500580492568.4688
1761,1500580492602.5088
1762,1500580492636.5488
1763,1500580492670.5889
1764,1500580492704.629
1765,1500580492738.669
1766,1500580492772.709
1767,1500580492806.749
1768,1500580492840.789
1769,1500580492874.829
1770,1500580492908.8691
1771,1500580492942.9092
1772,1500580492976.9492
1773,1500580493010.9893
1774,1500580493045.0293
1775,1500580493079.0693
1776,1500580493113.1094
1777,1500580493147.1494
1778,1500580493181.1895
1779,1500580493215.2295
1780,1500580493249.2695
1781,1500580493283.3096
1782,1500580493317.3496
1783,1500580493351.3896
1784,1500580493385.4297
1785,1500580493419.4697
1786,1500580493453.5098
1787,1500580493487.5498
1788,1500580493521.5898
1789,1500580493555.63
1790,1500580493589.67
1791,1500580493623.71
1792,1500580493657.75
1793,1500580493691.79
1794,1500580493725.83
1795,1500580493759.87
1796,1500580493793.9102
1797,1500580493827.9502
1798,1500580493861.9902
1799,1500580493896.0303
1800,1500580493930.0703
1801,1500580493964.1104
1802,1500580493998.1504
1803,1500580494032.1904
1804,1500580494066.2305
1805,1500580494100.2705
1806,1500580494134.3105
1807,1500580494168.3506
1808,1500580494202.3906
1809,1500580494236.4307
